,Exit Trade Id,Column,Size,Entry Timestamp,Avg Entry Price,Entry Fees,Exit Timestamp,Avg Exit Price,Exit Fees,PnL,Return,Direction,Status,Position Id
0,0,0,0.6042902188376599,2023-01-01 10:00:00+00:00,16548.34,0.0,2023-01-01 11:00:00+00:00,16556.66,0.0,5.027694620730472,0.0005027694620730472,Long,Closed,0
1,1,0,0.6047913910478265,2023-01-01 14:00:00+00:00,16542.94,0.0,2023-01-01 15:00:00+00:00,16558.73,0.0,9.549656064646115,0.0009544857201925138,Long,Closed,1
2,2,0,0.5989210802615256,2023-01-03 11:00:00+00:00,16721.03,0.0,2023-01-03 12:00:00+00:00,16710.85,0.0,-6.097016597062975,-0.0006088141699405525,Long,Closed,2
3,3,0,0.5936051916662207,2023-01-04 04:00:00+00:00,16860.5,0.0,2023-01-04 05:00:00+00:00,16857.57,0.0,-1.7392632115806919,-0.0001737789508020374,Long,Closed,3
4,4,0,0.5945122533100481,2023-01-05 23:00:00+00:00,16831.85,0.0,2023-01-06 00:00:00+00:00,16859.78,0.0,16.604727234949678,0.0016593541411074873,Long,Closed,4
5,5,0,0.5920020056446847,2023-01-06 21:00:00+00:00,16931.27,0.0,2023-01-06 22:00:00+00:00,16958.35,0.0,16.031414312856214,0.0015994074868569737,Long,Closed,5
6,6,0,0.5925026771937556,2023-01-08 03:00:00+00:00,16944.02,0.0,2023-01-08 04:00:00+00:00,16934.75,0.0,-5.492499817586577,-0.0005470956715112931,Long,Closed,6
7,7,0,0.5790661606910872,2023-01-10 15:00:00+00:00,17327.7,0.0,2023-01-10 16:00:00+00:00,17302.15,0.0,-14.795140405656639,-0.0014745176797843276,Long,Closed,7
8,8,0,0.4800679234313742,2023-01-15 19:00:00+00:00,20870.15,0.0,2023-01-15 20:00:00+00:00,20905.69,0.0,17.061613998748726,0.0017029106163585397,Long,Closed,8
9,9,0,0.47099130472856904,2023-01-16 19:00:00+00:00,21308.57,0.0,2023-01-16 20:00:00+00:00,21292.0,0.0,-7.804325919352777,-0.0007776213983388292,Long,Closed,9
10,10,0,0.47548104093370336,2023-01-19 19:00:00+00:00,21090.95,0.0,2023-01-19 20:00:00+00:00,21102.44,0.0,5.46327716032647,0.0005447834260664528,Long,Closed,10
11,11,0,0.44011008388045564,2023-01-23 13:00:00+00:00,22798.41,0.0,2023-01-23 14:00:00+00:00,22622.05,0.0,-77.61781439315746,-0.00773562717750934,Long,Closed,11
12,12,0,0.42200577398576505,2023-01-25 21:00:00+00:00,23592.55,0.0,2023-01-25 22:00:00+00:00,22932.2,0.0,-278.67151285149885,-0.02798976795640986,Long,Closed,12
13,13,0,0.42135423505034303,2023-01-27 14:00:00+00:00,22967.66,0.0,2023-01-27 15:00:00+00:00,22933.96,0.0,-14.199637721196268,-0.0014672805152984372,Long,Closed,13
14,14,0,0.4177880740655384,2023-01-27 16:00:00+00:00,23129.72,0.0,2023-01-27 17:00:00+00:00,23204.74,0.0,31.34246131639702,0.0032434460944620507,Long,Closed,14
15,15,0,0.4172921014255814,2023-01-29 01:00:00+00:00,23232.32,0.0,2023-01-29 02:00:00+00:00,23143.08,0.0,-37.23914713121849,-0.00384120053442786,Long,Closed,15
16,16,0,0.4176761535287194,2023-01-31 15:00:00+00:00,23121.8,0.0,2023-01-31 16:00:00+00:00,23109.17,0.0,-5.27524981906754,-0.0005462377496561493,Long,Closed,16
17,17,0,0.4094559112837159,2023-02-01 20:00:00+00:00,23573.11,0.0,2023-02-01 21:00:00+00:00,23681.05,0.0,44.19667106396264,0.0045789460957843895,Long,Closed,17
18,18,0,0.4135667713301839,2023-02-04 18:00:00+00:00,23445.66,0.0,2023-02-04 19:00:00+00:00,23425.89,0.0,-8.176215069197497,-0.0008432264222887913,Long,Closed,18
19,19,0,0.42065724775817853,2023-02-06 19:00:00+00:00,23031.03,0.0,2023-02-06 20:00:00+00:00,23005.84,0.0,-10.596356071027913,-0.0010937417909662993,Long,Closed,19
20,20,0,0.4210659440949191,2023-02-07 10:00:00+00:00,22983.51,0.0,2023-02-07 11:00:00+00:00,22977.24,0.0,-2.6400834694741206,-0.00027280428446297246,Long,Closed,20
21,21,0,0.4448032486398599,2023-02-11 14:00:00+00:00,21751.04,0.0,2023-02-11 15:00:00+00:00,21735.78,0.0,-6.7876975742456125,-0.0007015756487967027,Long,Closed,21
22,22,0,0.4450192497718687,2023-02-14 05:00:00+00:00,21725.23,0.0,2023-02-14 06:00:00+00:00,21744.02,0.0,8.361911703213991,0.0008648930299012393,Long,Closed,22
23,23,0,0.3898528929396859,2023-02-17 20:00:00+00:00,24820.92,0.0,2023-02-17 21:00:00+00:00,24476.42,0.0,-134.30432161772296,-0.013879421069001594,Long,Closed,23
24,24,0,0.3833749757254634,2023-02-20 11:00:00+00:00,24890.0,0.0,2023-02-20 12:00:00+00:00,24815.98,0.0,-28.377415703200313,-0.002973885094415586,Long,Closed,24
25,25,0,0.38798305999629645,2023-02-23 04:00:00+00:00,24521.24,0.0,2023-02-23 05:00:00+00:00,24391.34,0.0,-50.398999493518204,-0.0052974482530246505,Long,Closed,25
26,26,0,0.4076510155755928,2023-02-26 03:00:00+00:00,23214.53,0.0,2023-02-26 04:00:00+00:00,23189.27,0.0,-10.297264653439925,-0.0010881116266407765,Long,Closed,26
27,27,0,0.40257552248104694,2023-02-28 18:00:00+00:00,23481.63,0.0,2023-02-28 19:00:00+00:00,23264.36,0.0,-87.46758376945763,-0.00925276482084086,Long,Closed,27
28,28,0,0.3949080025175838,2023-03-01 07:00:00+00:00,23716.06,0.0,2023-03-01 08:00:00+00:00,23867.78,0.0,59.915442141966196,0.006397352679998107,Long,Closed,28
29,29,0,0.4218621454316643,2023-03-04 14:00:00+00:00,22342.79,0.0,2023-03-04 15:00:00+00:00,22317.87,0.0,-10.512804664158466,-0.001115348620293316,Long,Closed,29
30,30,0,0.4195525065211772,2023-03-05 04:00:00+00:00,22440.73,0.0,2023-03-05 05:00:00+00:00,22418.99,0.0,-9.121071491768816,-0.0009687741887182923,Long,Closed,30
31,31,0,0.41705175747949574,2023-03-06 15:00:00+00:00,22553.42,0.0,2023-03-06 16:00:00+00:00,22524.46,0.0,-12.077818896605095,-0.001284062461480226,Long,Closed,31
32,32,0,0.4563063926689061,2023-03-11 01:00:00+00:00,20586.75,0.0,2023-03-11 02:00:00+00:00,20492.43,0.0,-43.03881895653103,-0.0045815876716820084,Long,Closed,32
33,33,0,0.45951363727284694,2023-03-11 20:00:00+00:00,20349.4,0.0,2023-03-11 21:00:00+00:00,20353.91,0.0,2.07240650409949,0.0002216281561125987,Long,Closed,33
34,34,0,0.37675900846917987,2023-03-16 11:00:00+00:00,24824.62,0.0,2023-03-16 12:00:00+00:00,24720.18,0.0,-39.34871084452061,-0.004207113744339232,Long,Closed,34
35,35,0,0.33353963028028677,2023-03-19 16:00:00+00:00,27923.37,0.0,2023-03-19 17:00:00+00:00,27897.98,0.0,-8.468571212815732,-0.0009092742029345941,Long,Closed,35
36,36,0,0.33486827735870733,2023-03-21 03:00:00+00:00,27787.29,0.0,2023-03-21 04:00:00+00:00,27906.81,0.0,40.02345650991265,0.004301247080949594,Long,Closed,36
37,37,0,0.3332650545762802,2023-03-21 15:00:00+00:00,28041.06,0.0,2023-03-21 16:00:00+00:00,28343.92,0.0,100.93265442897246,0.010800590277257733,Long,Closed,37
38,38,0,0.3318479297250275,2023-03-23 16:00:00+00:00,28464.960000000003,0.0,2023-03-23 17:00:00+00:00,28297.16,0.0,-55.684082607860546,-0.005894967005047707,Long,Closed,38
39,39,0,0.3415086462473964,2023-03-26 06:00:00+00:00,27496.68,0.0,2023-03-26 07:00:00+00:00,27504.94,0.0,2.820861418003915,0.0003003999028246767,Long,Closed,39
40,40,0,0.34398161746776906,2023-03-28 20:00:00+00:00,27307.2,0.0,2023-03-28 21:00:00+00:00,27190.54,0.0,-40.12889549378997,-0.004272133356770379,Long,Closed,40
41,41,0,0.3300935617785816,2023-03-31 17:00:00+00:00,28334.529999999995,0.0,2023-03-31 18:00:00+00:00,28315.5,0.0,-6.281680480646173,-0.0006716186928104786,Long,Closed,41
42,42,0,0.3338721519433952,2023-04-03 14:00:00+00:00,27995.04,0.0,2023-04-03 15:00:00+00:00,28051.48,0.0,18.843744255684214,0.0020160714183654308,Long,Closed,42
43,43,0,0.33106281028441314,2023-04-04 11:00:00+00:00,28289.52,0.0,2023-04-04 12:00:00+00:00,28267.68,0.0,-7.230411776610708,-0.0007720173406970977,Long,Closed,43
44,44,0,0.33355458611995936,2023-04-07 01:00:00+00:00,28056.51,0.0,2023-04-07 02:00:00+00:00,28017.22,0.0,-13.105359688652243,-0.0014003880026417085,Long,Closed,44
45,45,0,0.33208836887109056,2023-04-08 05:00:00+00:00,28140.919999999995,0.0,2023-04-08 06:00:00+00:00,28113.12,0.0,-9.232056654615008,-0.0009878852574825578,Long,Closed,45
46,46,0,0.3320705328392098,2023-04-09 20:00:00+00:00,28114.63,0.0,2023-04-09 21:00:00+00:00,28437.19,0.0,107.11267107261483,0.011473030233725215,Long,Closed,46
47,47,0,0.3136730689886839,2023-04-13 05:00:00+00:00,30105.079999999998,0.0,2023-04-13 06:00:00+00:00,30016.54,0.0,-27.772613528257352,-0.0029410318790050616,Long,Closed,47
48,48,0,0.30891946278799765,2023-04-16 18:00:00+00:00,30478.43,0.0,2023-04-16 19:00:00+00:00,30309.06,0.0,-52.32168941240343,-0.005557044769038329,Long,Closed,48
49,49,0,0.3131535206158677,2023-04-18 10:00:00+00:00,29899.259999999995,0.0,2023-04-18 11:00:00+00:00,30380.59,0.0,150.73018407803647,0.016098391732772076,Long,Closed,49
50,50,0,0.3444203396017691,2023-04-22 19:00:00+00:00,27622.61,0.0,2023-04-22 20:00:00+00:00,27634.45,0.0,4.077936820884133,0.00042863436872901,Long,Closed,50
51,51,0,0.3424865872668665,2023-04-24 03:00:00+00:00,27790.48,0.0,2023-04-24 04:00:00+00:00,27702.34,0.0,-30.186767801702445,-0.0031715896954641457,Long,Closed,51
52,52,0,0.34403498650380077,2023-04-25 18:00:00+00:00,27577.66,0.0,2023-04-25 19:00:00+00:00,27611.4,0.0,11.607740444638694,0.0012234540566531506,Long,Closed,52
53,53,0,0.31906655039516985,2023-04-27 18:00:00+00:00,29772.12,0.0,2023-04-27 19:00:00+00:00,29673.98,0.0,-31.31319125578193,-0.003296372579446807,Long,Closed,53
54,54,0,0.3223397007657891,2023-04-29 04:00:00+00:00,29372.659999999996,0.0,2023-04-29 05:00:00+00:00,29356.03,0.0,-5.36050922373397,-0.0005661727606555409,Long,Closed,54
55,55,0,0.3230386855162473,2023-04-30 13:00:00+00:00,29292.509999999995,0.0,2023-04-30 14:00:00+00:00,29395.01,0.0,33.11146526541597,0.0034991880176878645,Long,Closed,55
56,56,0,0.3335510724854188,2023-05-02 16:00:00+00:00,28468.579999999998,0.0,2023-05-02 17:00:00+00:00,28583.52,0.0,38.33836027147481,0.00403743354954839,Long,Closed,56
57,57,0,0.3284645213630883,2023-05-03 23:00:00+00:00,29026.16,0.0,2023-05-04 00:00:00+00:00,29043.94,0.0,5.840099189834291,0.000612550885132435,Long,Closed,57
58,58,0,0.3267314148434226,2023-05-05 05:00:00+00:00,29198.0,0.0,2023-05-05 06:00:00+00:00,29163.8,0.0,-11.174214387645407,-0.0011713131036372724,Long,Closed,58
59,59,0,0.32805979389763956,2023-05-07 14:00:00+00:00,29045.71,0.0,2023-05-07 15:00:00+00:00,28942.67,0.0,-33.80328116321289,-0.003547511835654915,Long,Closed,59
60,60,0,0.3434066622873048,2023-05-09 20:00:00+00:00,27649.22,0.0,2023-05-09 21:00:00+00:00,27602.74,0.0,-15.961541663114986,-0.0016810600805376454,Long,Closed,60
61,61,0,0.3539576568649624,2023-05-13 02:00:00+00:00,26779.94,0.0,2023-05-13 03:00:00+00:00,26808.27,0.0,10.027620418984952,0.001057881384349689,Long,Closed,61
62,62,0,0.3535058891171311,2023-05-14 09:00:00+00:00,26842.53,0.0,2023-05-14 10:00:00+00:00,26827.07,0.0,-5.465201045750291,-0.0005759516707254654,Long,Closed,62
63,63,0,0.34655732121506905,2023-05-17 21:00:00+00:00,27364.959999999995,0.0,2023-05-17 22:00:00+00:00,27333.73,0.0,-10.82298514154536,-0.0011412404768724824,Long,Closed,63
64,64,0,0.3530052122388887,2023-05-19 19:00:00+00:00,26834.46,0.0,2023-05-19 20:00:00+00:00,26831.04,0.0,-1.2072778258570906,-0.00012744806491355736,Long,Closed,64
65,65,0,0.3522694532016906,2023-05-20 10:00:00+00:00,26887.08,0.0,2023-05-20 11:00:00+00:00,26880.06,0.0,-2.4729315614767984,-0.0002610919445325651,Long,Closed,65
66,66,0,0.3512603659652842,2023-05-22 14:00:00+00:00,26957.28,0.0,2023-05-22 15:00:00+00:00,26877.18,0.0,-28.135955313819068,-0.0029713680311960053,Long,Closed,66
67,67,0,0.3582765514463606,2023-05-25 17:00:00+00:00,26350.84,0.0,2023-05-25 18:00:00+00:00,26374.54,0.0,8.491154269278923,0.0008994020683970793,Long,Closed,67
68,68,0,0.35187622814487585,2023-05-27 23:00:00+00:00,26854.27,0.0,2023-05-28 00:00:00+00:00,27072.42,0.0,76.76179916980436,0.008123475335579746,Long,Closed,68
69,69,0,0.34143654400630746,2023-05-30 10:00:00+00:00,27900.18,0.0,2023-05-30 11:00:00+00:00,28021.4,0.0,41.388937864445325,0.004344774836578192,Long,Closed,69
70,70,0,0.3523614671971872,2023-06-02 05:00:00+00:00,27152.600000000002,0.0,2023-06-02 06:00:00+00:00,27071.06,0.0,-28.73155403525743,-0.003003027334398789,Long,Closed,70
71,71,0,0.35056094686102174,2023-06-04 12:00:00+00:00,27210.1,0.0,2023-06-04 13:00:00+00:00,27245.46,0.0,12.395835081004407,0.0012995174585906052,Long,Closed,71
72,72,0,0.358136298828463,2023-06-06 17:00:00+00:00,26669.16,0.0,2023-06-06 18:00:00+00:00,26698.08,0.0,10.357301762120187,0.0010843986087301924,Long,Closed,72
73,73,0,0.35782000072698317,2023-06-08 15:00:00+00:00,26721.680000000004,0.0,2023-06-08 16:00:00+00:00,26498.4,0.0,-79.89404976232072,-0.008355762062864302,Long,Closed,73
74,74,0,0.36769864790686485,2023-06-11 06:00:00+00:00,25786.49,0.0,2023-06-11 07:00:00+00:00,25741.33,0.0,-16.605270939473485,-0.001751304656042701,Long,Closed,74
75,75,0,0.3622918550551365,2023-06-13 02:00:00+00:00,26125.49,0.0,2023-06-13 03:00:00+00:00,26063.85,0.0,-22.33166994559906,-0.002359381584804772,Long,Closed,75
76,76,0,0.36336673752503945,2023-06-14 15:00:00+00:00,25986.75,0.0,2023-06-14 16:00:00+00:00,25965.86,0.0,-7.590731146898179,-0.0008038712035941504,Long,Closed,76
77,77,0,0.3681384132704335,2023-06-15 22:00:00+00:00,25629.3,0.0,2023-06-15 23:00:00+00:00,25598.49,0.0,-11.342344512861018,-0.0012021397385023071,Long,Closed,77
78,78,0,0.35561462229128527,2023-06-18 11:00:00+00:00,26500.0,0.0,2023-06-18 12:00:00+00:00,26534.97,0.0,12.43584334152547,0.0013196226415093516,Long,Closed,78
79,79,0,0.3561376560258373,2023-06-19 18:00:00+00:00,26496.0,0.0,2023-06-19 19:00:00+00:00,26682.28,0.0,66.34132256449266,0.007030495169082092,Long,Closed,79
80,80,0,0.3156316628178326,2023-06-23 12:00:00+00:00,30106.5,0.0,2023-06-23 13:00:00+00:00,30077.82,0.0,-9.052316089615488,-0.0009526182053709383,Long,Closed,80
81,81,0,0.3075054867489702,2023-06-25 06:00:00+00:00,30872.66,0.0,2023-06-25 07:00:00+00:00,30723.78,0.0,-45.781416867186635,-0.004822389777881136,Long,Closed,81
82,82,0,0.31159918534902137,2023-06-27 06:00:00+00:00,30320.139999999996,0.0,2023-06-27 07:00:00+00:00,30411.22,0.0,28.380453801590193,0.0030039439131878767,Long,Closed,82
83,83,0,0.30869718281199326,2023-06-29 10:00:00+00:00,30697.109999999997,0.0,2023-06-29 11:00:00+00:00,30670.94,0.0,-8.078605274189613,-0.0008525232505600425,Long,Closed,83
84,84,0,0.3093267094323958,2023-07-01 14:00:00+00:00,30608.52,0.0,2023-07-01 15:00:00+00:00,30572.58,0.0,-11.117201937000573,-0.001174182874572206,Long,Closed,84
85,85,0,0.30853238380044284,2023-07-02 22:00:00+00:00,30651.29,0.0,2023-07-02 23:00:00+00:00,30617.03,0.0,-10.570319469003152,-0.0011177343596305387,Long,Closed,85
86,86,0,0.3015114681178971,2023-07-06 08:00:00+00:00,31329.97,0.0,2023-07-06 09:00:00+00:00,31069.6,0.0,-78.50454095385794,-0.008310572911496677,Long,Closed,86
87,87,0,0.30979886905073256,2023-07-07 17:00:00+00:00,30238.46,0.0,2023-07-07 18:00:00+00:00,30166.32,0.0,-22.348890413320987,-0.002385703504742096,Long,Closed,87
88,88,0,0.3086831967069743,2023-07-09 04:00:00+00:00,30275.35,0.0,2023-07-09 05:00:00+00:00,30260.67,0.0,-4.53146932765776,-0.00048488291629982753,Long,Closed,88
89,89,0,0.3077626751281115,2023-07-10 16:00:00+00:00,30351.18,0.0,2023-07-10 17:00:00+00:00,30278.2,0.0,-22.460520030850603,-0.002404519363003459,Long,Closed,89
90,90,0,0.3048051445150932,2023-07-13 14:00:00+00:00,30571.99,0.0,2023-07-13 15:00:00+00:00,30917.48,0.0,105.30712937851786,0.011300867231737103,Long,Closed,90
91,91,0,0.31116646093871253,2023-07-15 22:00:00+00:00,30285.420000000002,0.0,2023-07-15 23:00:00+00:00,30289.52,0.0,1.275782489849007,0.00013537867396261693,Long,Closed,91
92,92,0,0.3100153227447398,2023-07-16 14:00:00+00:00,30401.99,0.0,2023-07-16 15:00:00+00:00,30379.95,0.0,-6.832737713293682,-0.0007249525442248603,Long,Closed,92
93,93,0,0.3129154085723209,2023-07-19 05:00:00+00:00,30098.390000000003,0.0,2023-07-19 06:00:00+00:00,30044.59,0.0,-16.83484898119059,-0.0017874710241976104,Long,Closed,93
94,94,0,0.3133805051745956,2023-07-20 00:00:00+00:00,30000.0,0.0,2023-07-20 01:00:00+00:00,29987.33,0.0,-3.9705310005610954,-0.0004223333333332237,Long,Closed,94
95,95,0,0.31114512424646174,2023-07-20 07:00:00+00:00,30202.77,0.0,2023-07-20 08:00:00+00:00,30264.55,0.0,19.222545775946855,0.002045507746474957,Long,Closed,95
96,96,0,0.3140805995263527,2023-07-21 18:00:00+00:00,29981.690000000002,0.0,2023-07-21 19:00:00+00:00,29875.99,0.0,-33.198319369936144,-0.0035254850543782594,Long,Closed,96
97,97,0,0.3133252877451062,2023-07-23 08:00:00+00:00,29948.01,0.0,2023-07-23 09:00:00+00:00,29900.18,0.0,-14.986348512848053,-0.0015971011095561542,Long,Closed,97
98,98,0,0.32108585389873945,2023-07-25 14:00:00+00:00,29177.499999999996,0.0,2023-07-25 15:00:00+00:00,29181.51,0.0,1.2875542741348909,0.00013743466712374074,Long,Closed,98
99,99,0,0.31911853199163814,2023-07-28 16:00:00+00:00,29361.41,0.0,2023-07-28 17:00:00+00:00,29259.36,0.0,-32.566046189745975,-0.0034756505222330197,Long,Closed,99
100,100,0,0.31810158485924245,2023-07-29 23:00:00+00:00,29352.9,0.0,2023-07-30 00:00:00+00:00,29348.83,0.0,-1.2946734503766493,-0.0001386575091387403,Long,Closed,100
101,101,0,0.3177638863678269,2023-07-30 16:00:00+00:00,29380.020000000004,0.0,2023-07-30 17:00:00+00:00,29396.52,0.0,5.243104125069294,0.0005616061527528053,Long,Closed,101
102,102,0,0.31703042406885673,2023-07-31 02:00:00+00:00,29464.53,0.0,2023-07-31 03:00:00+00:00,29421.99,0.0,-13.486474239887684,-0.0014437698480171015,Long,Closed,102
103,103,0,0.31885106840638366,2023-08-01 22:00:00+00:00,29253.989999999998,0.0,2023-08-01 23:00:00+00:00,29705.99,0.0,144.12068291968535,0.015450883793971346,Long,Closed,103
104,104,0,0.324040784132364,2023-08-03 17:00:00+00:00,29230.229999999996,0.0,2023-08-03 18:00:00+00:00,29269.76,0.0,12.809332196751711,0.0013523670528763556,Long,Closed,104
105,105,0,0.3262435873039265,2023-08-05 23:00:00+00:00,29072.13,0.0,2023-08-06 00:00:00+00:00,29067.5,0.0,-1.5105078092165058,-0.00015925905669787301,Long,Closed,105
106,106,0,0.3258792259091713,2023-08-06 22:00:00+00:00,29100.0,0.0,2023-08-06 23:00:00+00:00,29088.42,0.0,-3.77368143602871,-0.0003979381443299503,Long,Closed,106
107,107,0,0.32396717005481374,2023-08-08 00:00:00+00:00,29260.1,0.0,2023-08-08 01:00:00+00:00,29151.86,0.0,-35.06620648673197,-0.0036992354776640103,Long,Closed,107
108,108,0,0.321048731442925,2023-08-12 06:00:00+00:00,29416.86,0.0,2023-08-12 07:00:00+00:00,29421.49,0.0,1.4864556265802094,0.00015739273328282957,Long,Closed,108
109,109,0,0.32096898418082637,2023-08-12 12:00:00+00:00,29428.800000000003,0.0,2023-08-12 13:00:00+00:00,29408.8,0.0,-6.4193796836170804,-0.0006796063719894023,Long,Closed,109
110,110,0,0.3206987618216026,2023-08-14 10:00:00+00:00,29433.58,0.0,2023-08-14 11:00:00+00:00,29409.99,0.0,-7.565283791371257,-0.0008014655369818728,Long,Closed,110
111,111,0,0.36100392469030285,2023-08-19 18:00:00+00:00,26126.44,0.0,2023-08-19 19:00:00+00:00,26125.62,0.0,-0.2960232182449545,-3.138582983356975e-05,Long,Closed,111
112,112,0,0.36205187543061307,2023-08-22 01:00:00+00:00,26050.0,0.0,2023-08-22 02:00:00+00:00,26065.61,0.0,5.65162977547152,0.0005992322456813448,Long,Closed,112
113,113,0,0.3621697011429479,2023-08-23 07:00:00+00:00,26057.13,0.0,2023-08-23 08:00:00+00:00,26037.99,0.0,-6.9319280798754335,-0.0007345398361215673,Long,Closed,113
114,114,0,0.36148720947528057,2023-08-26 03:00:00+00:00,26087.15,0.0,2023-08-26 04:00:00+00:00,26076.0,0.0,-4.030582385650632,-0.00042741349668336585,Long,Closed,114
115,115,0,0.361393382461963,2023-08-27 10:00:00+00:00,26082.77,0.0,2023-08-27 11:00:00+00:00,26060.44,0.0,-8.069914230376526,-0.0008561207264413429,Long,Closed,115
116,116,0,0.36026877119153045,2023-08-28 17:00:00+00:00,26141.79,0.0,2023-08-28 18:00:00+00:00,26148.91,0.0,2.5651136508822674,0.00027236084445617656,Long,Closed,116
117,117,0,0.3426678813349877,2023-08-29 14:00:00+00:00,27492.03,0.0,2023-08-29 15:00:00+00:00,27423.44,0.0,-23.503589980766264,-0.0024949048869799145,Long,Closed,117
118,118,0,0.36330055221979257,2023-09-02 14:00:00+00:00,25866.0,0.0,2023-09-02 15:00:00+00:00,25894.76,0.0,10.44852388183972,0.0011118843269154808,Long,Closed,118
119,119,0,0.36487065897225046,2023-09-06 01:00:00+00:00,25783.33,0.0,2023-09-06 02:00:00+00:00,25849.65,0.0,24.19822210303937,0.002572204598862879,Long,Closed,119
120,120,0,0.36534497786853215,2023-09-07 04:00:00+00:00,25816.09,0.0,2023-09-07 05:00:00+00:00,25788.92,0.0,-9.926423048687866,-0.0010524444251627408,Long,Closed,120
121,121,0,0.363861112966447,2023-09-09 15:00:00+00:00,25894.09,0.0,2023-09-09 16:00:00+00:00,25895.84,0.0,0.6367569476915378,6.758298901412261e-05,Long,Closed,121
122,122,0,0.3636828937651437,2023-09-09 22:00:00+00:00,25908.53,0.0,2023-09-09 23:00:00+00:00,25901.61,0.0,-2.51668562485429,-0.00026709350163821,Long,Closed,122
123,123,0,0.36558381141937296,2023-09-12 08:00:00+00:00,25766.93,0.0,2023-09-12 09:00:00+00:00,25869.97,0.0,37.6697559286531,0.003998924202456501,Long,Closed,123
124,124,0,0.36080643303158827,2023-09-13 12:00:00+00:00,26212.51,0.0,2023-09-13 13:00:00+00:00,26124.87,0.0,-31.621075790888426,-0.0033434417383150293,Long,Closed,124
125,125,0,0.3533652342815972,2023-09-16 02:00:00+00:00,26675.01,0.0,2023-09-16 03:00:00+00:00,26616.43,0.0,-20.70013542421475,-0.0021960629068179006,Long,Closed,125
126,126,0,0.35361367389960474,2023-09-17 10:00:00+00:00,26597.73,0.0,2023-09-17 11:00:00+00:00,26566.67,0.0,-10.983240711322651,-0.001167768828392597,Long,Closed,126
127,127,0,0.352541717199147,2023-09-18 05:00:00+00:00,26647.450000000004,0.0,2023-09-18 06:00:00+00:00,26622.83,0.0,-8.679577077442445,-0.0009239157968210252,Long,Closed,127
128,128,0,0.344585131887767,2023-09-19 11:00:00+00:00,27237.560000000005,0.0,2023-09-19 12:00:00+00:00,27139.15,0.0,-33.9106228290766,-0.0036130255426699083,Long,Closed,128
129,129,0,0.3514374707420744,2023-09-22 13:00:00+00:00,26609.99,0.0,2023-09-22 14:00:00+00:00,26679.08,0.0,24.28081485356961,0.0025963933094299966,Long,Closed,129
130,130,0,0.3522796435480893,2023-09-23 18:00:00+00:00,26615.3,0.0,2023-09-23 19:00:00+00:00,26610.09,0.0,-1.8353769428849773,-0.00019575206741980695,Long,Closed,130
131,131,0,0.3525710005597458,2023-09-24 14:00:00+00:00,26588.1,0.0,2023-09-24 15:00:00+00:00,26578.06,0.0,-3.539812845619963,-0.0003776125409487826,Long,Closed,131
132,132,0,0.3565446575160028,2023-09-25 22:00:00+00:00,26281.849999999995,0.0,2023-09-25 23:00:00+00:00,26304.81,0.0,8.186265336569704,0.0008736066905490442,Long,Closed,132
133,133,0,0.35715564859279353,2023-09-27 08:00:00+00:00,26259.81,0.0,2023-09-27 09:00:00+00:00,26397.79,0.0,49.280336392832396,0.005254417301572116,Long,Closed,133
134,134,0,0.3573117148419806,2023-09-28 02:00:00+00:00,26386.26,0.0,2023-09-28 03:00:00+00:00,26379.15,0.0,-2.5404862925261114,-0.0002694584226790368,Long,Closed,134
135,135,0,0.34943992292306725,2023-09-30 13:00:00+00:00,26973.39,0.0,2023-09-30 14:00:00+00:00,26992.38,0.0,6.635864136309465,0.0007040271912429694,Long,Closed,135
136,136,0,0.3420886438630959,2023-10-04 11:00:00+00:00,27572.430000000004,0.0,2023-10-04 12:00:00+00:00,27570.02,0.0,-0.8244336317111447,-8.740615172486311e-05,Long,Closed,136
137,137,0,0.3397475055143527,2023-10-06 11:00:00+00:00,27760.0,0.0,2023-10-06 12:00:00+00:00,27252.99,0.0,-172.2553827708325,-0.018264048991354524,Long,Closed,137
138,138,0,0.33138025141109584,2023-10-06 15:00:00+00:00,27941.12,0.0,2023-10-06 16:00:00+00:00,27877.74,0.0,-21.00288033443576,-0.002268341426542727,Long,Closed,138
139,139,0,0.32974169973280393,2023-10-08 01:00:00+00:00,28016.27,0.0,2023-10-08 02:00:00+00:00,28012.64,0.0,-1.1969623700297234,-0.0001295675691303276,Long,Closed,139
140,140,0,0.3310440064597624,2023-10-09 06:00:00+00:00,27902.440000000002,0.0,2023-10-09 07:00:00+00:00,27813.27,0.0,-29.519194056016204,-0.0031957778602874,Long,Closed,140
141,141,0,0.3328440971753495,2023-10-10 09:00:00+00:00,27662.85,0.0,2023-10-10 10:00:00+00:00,27610.0,0.0,-17.59081053571572,-0.0019105045214067057,Long,Closed,141
142,142,0,0.3426237019203473,2023-10-13 05:00:00+00:00,26821.92,0.0,2023-10-13 06:00:00+00:00,26808.17,0.0,-4.711075901404911,-0.0005126404075472747,Long,Closed,142
143,143,0,0.3414376948878658,2023-10-15 09:00:00+00:00,26901.29,0.0,2023-10-15 10:00:00+00:00,26895.0,0.0,-2.1476431008450163,-0.00023381778345949196,Long,Closed,143
144,144,0,0.34138857149051804,2023-10-15 15:00:00+00:00,26898.87,0.0,2023-10-15 16:00:00+00:00,26930.29,0.0,10.72642891623218,0.0011680788077714902,Long,Closed,144
145,145,0,0.32284490963009543,2023-10-19 12:00:00+00:00,28477.12,0.0,2023-10-19 13:00:00+00:00,28482.09,0.0,1.6045392008618364,0.00017452607567060193,Long,Closed,145
146,146,0,0.30300686338989097,2023-10-23 01:00:00+00:00,30346.83,0.0,2023-10-23 02:00:00+00:00,30378.23,0.0,9.514415510442632,0.001034704448537135,Long,Closed,146
147,147,0,0.2680726186594781,2023-10-25 12:00:00+00:00,34337.01,0.0,2023-10-25 13:00:00+00:00,34483.99,0.0,39.40131349056901,0.0042805124849250396,Long,Closed,147
148,148,0,0.2715293351863889,2023-10-28 07:00:00+00:00,34044.99,0.0,2023-10-28 08:00:00+00:00,34090.0,0.0,12.221535376740576,0.0013220741142824382,Long,Closed,148
149,149,0,0.27023081626551904,2023-10-29 11:00:00+00:00,34253.81,0.0,2023-10-29 12:00:00+00:00,34419.99,0.0,44.90695704700556,0.004851431125472056,Long,Closed,149
150,150,0,0.26835304607594634,2023-10-30 13:00:00+00:00,34660.84,0.0,2023-10-30 14:00:00+00:00,34611.69,0.0,-13.189552214631476,-0.00141802679911956,Long,Closed,150
151,151,0,0.2681905588925705,2023-10-31 20:00:00+00:00,34632.66,0.0,2023-10-31 21:00:00+00:00,34475.98,0.0,-42.02009676728812,-0.004524053306907429,Long,Closed,151
152,152,0,0.26633035507812314,2023-11-03 23:00:00+00:00,34716.78,0.0,2023-11-04 00:00:00+00:00,34696.65,0.0,-5.3612300477216195,-0.0005798348809998003,Long,Closed,152
153,153,0,0.2624744077427284,2023-11-06 12:00:00+00:00,35206.37,0.0,2023-11-06 13:00:00+00:00,35030.36,0.0,-46.19812050679866,-0.004999379373675955,Long,Closed,153
154,154,0,0.258140086427309,2023-11-07 20:00:00+00:00,35618.54,0.0,2023-11-07 21:00:00+00:00,35475.65,0.0,-36.88563694959703,-0.0040116748187880675,Long,Closed,154
155,155,0,0.24627157590858345,2023-11-10 12:00:00+00:00,37185.32,0.0,2023-11-10 13:00:00+00:00,36962.24,0.0,-54.93826315368642,-0.005999141596737596,Long,Closed,155
156,156,0,0.24565176812919215,2023-11-12 11:00:00+00:00,37055.5,0.0,2023-11-12 12:00:00+00:00,37007.36,0.0,-11.825676117738112,-0.0012991323825071886,Long,Closed,156
157,157,0,0.2517487259538907,2023-11-15 14:00:00+00:00,36111.1,0.0,2023-11-15 15:00:00+00:00,36402.42,0.0,73.33943884488872,0.008067325559177238,Long,Closed,157
158,158,0,0.2511908295675917,2023-11-17 20:00:00+00:00,36483.27,0.0,2023-11-17 21:00:00+00:00,36396.38,0.0,-21.825971181127898,-0.002381639584390309,Long,Closed,158
159,159,0,0.24743414729713176,2023-11-19 19:00:00+00:00,36948.97,0.0,2023-11-19 20:00:00+00:00,36916.8,0.0,-7.959956518547187,-0.0008706602646837996,Long,Closed,159
160,160,0,0.2455637234414751,2023-11-22 18:00:00+00:00,37197.99,0.0,2023-11-22 19:00:00+00:00,37289.98,0.0,22.58940691938369,0.002472983083225996,Long,Closed,160
161,161,0,0.24518224097296076,2023-11-24 04:00:00+00:00,37348.0,0.0,2023-11-24 05:00:00+00:00,37425.64,0.0,19.03594918914132,0.002078826175431151,Long,Closed,161
162,162,0,0.24287823072082312,2023-11-25 23:00:00+00:00,37780.67,0.0,2023-11-26 00:00:00+00:00,37742.1,0.0,-9.367813358901913,-0.0010208924299118843,Long,Closed,162
163,163,0,0.24328297072553554,2023-11-26 11:00:00+00:00,37679.31,0.0,2023-11-26 12:00:00+00:00,37627.52,0.0,-12.59962505387557,-0.0013744943843186181,Long,Closed,163
164,164,0,0.24670819859136658,2023-11-28 07:00:00+00:00,37105.11,0.0,2023-11-28 08:00:00+00:00,36940.54,0.0,-40.60076824218049,-0.004435238165309229,Long,Closed,164
165,165,0,0.2395584496614315,2023-12-01 03:00:00+00:00,38043.05,0.0,2023-12-01 04:00:00+00:00,38179.86,0.0,32.773991498179385,0.0035961890542423798,Long,Closed,165
166,166,0,0.2167679781459568,2023-12-05 14:00:00+00:00,42194.0,0.0,2023-12-05 15:00:00+00:00,42268.29,0.0,16.103693096463758,0.0017606768734891901,Long,Closed,166
167,167,0,0.2088553173876197,2023-12-07 06:00:00+00:00,43869.66,0.0,2023-12-07 07:00:00+00:00,43884.01,0.0,2.9970738045121834,0.00032710533886059833,Long,Closed,167
168,168,0,0.2103520936568184,2023-12-08 13:00:00+00:00,43571.75,0.0,2023-12-08 14:00:00+00:00,43962.98,0.0,82.29604960135657,0.008978982941929062,Long,Closed,168
169,169,0,0.22118711253092807,2023-12-12 10:00:00+00:00,41809.42,0.0,2023-12-12 11:00:00+00:00,41584.57,0.0,-49.73392225257885,-0.005377974628684123,Long,Closed,169
170,170,0,0.2196791633760924,2023-12-13 16:00:00+00:00,41870.02,0.0,2023-12-13 17:00:00+00:00,42118.6,0.0,54.607846432028964,0.005936944859352818,Long,Closed,170
171,171,0,0.21824127244185867,2023-12-16 13:00:00+00:00,42396.1,0.0,2023-12-16 14:00:00+00:00,42361.63,0.0,-7.522776661071475,-0.000813046483049214,Long,Closed,171
172,172,0,0.2169183060322448,2023-12-18 21:00:00+00:00,42619.99,0.0,2023-12-18 22:00:00+00:00,42511.1,0.0,-23.620234343850825,-0.002554904400493725,Long,Closed,172
173,173,0,0.2155127188695094,2023-12-20 09:00:00+00:00,42788.36,0.0,2023-12-20 10:00:00+00:00,42870.67,0.0,17.738851890148,0.0019236540030978955,Long,Closed,173
174,174,0,0.2111961961963347,2023-12-23 17:00:00+00:00,43746.88,0.0,2023-12-23 18:00:00+00:00,43787.69,0.0,8.618916766774419,0.0009328665267102356,Long,Closed,174
175,175,0,0.21258464768559124,2023-12-25 16:00:00+00:00,43501.7,0.0,2023-12-25 17:00:00+00:00,43554.21,0.0,11.162819849971129,0.0012070792635690893,Long,Closed,175
176,176,0,0.21434972455674278,2023-12-27 10:00:00+00:00,43195.56,0.0,2023-12-27 11:00:00+00:00,43019.11,0.0,-37.822008898036074,-0.00408491057877232,Long,Closed,176
177,177,0,0.2143359732893112,2023-12-29 14:00:00+00:00,43021.87,0.0,2023-12-29 15:00:00+00:00,42271.09,0.0,-160.91916202614993,-0.01745112427702478,Long,Closed,177
178,178,0,0.21362834448685897,2023-12-30 18:00:00+00:00,42411.11,0.0,2023-12-30 19:00:00+00:00,42361.13,0.0,-10.677144657453027,-0.0011784647937768933,Long,Closed,178
